-- phpMyAdmin SQL Dump
-- version 5.2.1
-- https://www.phpmyadmin.net/
--
-- Host: 127.0.0.1
-- Generation Time: Aug 08, 2025 at 08:24 AM
-- Server version: 10.4.32-MariaDB
-- PHP Version: 8.1.25

SET SQL_MODE = "NO_AUTO_VALUE_ON_ZERO";
START TRANSACTION;
SET time_zone = "+00:00";


/*!40101 SET @OLD_CHARACTER_SET_CLIENT=@@CHARACTER_SET_CLIENT */;
/*!40101 SET @OLD_CHARACTER_SET_RESULTS=@@CHARACTER_SET_RESULTS */;
/*!40101 SET @OLD_COLLATION_CONNECTION=@@COLLATION_CONNECTION */;
/*!40101 SET NAMES utf8mb4 */;

--
-- Database: `proyecto`
--
CREATE DATABASE IF NOT EXISTS `proyecto` DEFAULT CHARACTER SET utf8mb4 COLLATE utf8mb4_general_ci;
USE `proyecto`;

-- --------------------------------------------------------

--
-- Table structure for table `alumnos`
--

CREATE TABLE `alumnos` (
  `id` int(11) NOT NULL,
  `id_extraescolar` int(11) NOT NULL DEFAULT 9,
  `ApellidoP` varchar(25) DEFAULT NULL,
  `ApellidoM` varchar(25) DEFAULT NULL,
  `Nombre` varchar(25) DEFAULT NULL,
  `Correo` varchar(50) DEFAULT NULL,
  `Genero` enum('Masculino','Femenino','Otro') DEFAULT NULL,
  `Matricula` varchar(9) DEFAULT NULL,
  `Carrera` enum('Ingeniería en Tecnologías de la Información e Innovación Digital','Ingeniería en Biotecnología','Ingeniería Biomedica','Ingeniería Financiera','Licenciatura en Administración','Terapia Física') DEFAULT NULL,
  `Cuatrimestre` enum('Tercero','Sexto','Noveno') DEFAULT NULL,
  `Turno` enum('Matutino','Vespertino') DEFAULT NULL,
  `Fecha` date DEFAULT NULL,
  `Medico` enum('Si','No') DEFAULT NULL,
  `asistencia` int(11) NOT NULL DEFAULT 0,
  `falta` int(11) NOT NULL DEFAULT 0
) ENGINE=InnoDB DEFAULT CHARSET=utf8mb4 COLLATE=utf8mb4_general_ci;

--
-- Dumping data for table `alumnos`
--

INSERT INTO `alumnos` (`id`, `id_extraescolar`, `ApellidoP`, `ApellidoM`, `Nombre`, `Correo`, `Genero`, `Matricula`, `Carrera`, `Cuatrimestre`, `Turno`, `Fecha`, `Medico`, `asistencia`, `falta`) VALUES
(1, 1, 'Acosta', 'Segovia', 'Harry D\'anniel', '202400194@upqroo.edu.mx', 'Masculino', '202400194', 'Ingeniería en Tecnologías de la Información e Innovación Digital', 'Tercero', 'Matutino', '2025-07-25', 'No', 10, 0),
(3, 9, NULL, NULL, NULL, NULL, NULL, NULL, NULL, NULL, NULL, NULL, NULL, 0, 0),
(4, 9, NULL, NULL, NULL, NULL, NULL, NULL, NULL, NULL, NULL, NULL, NULL, 0, 0),
(5, 9, NULL, NULL, NULL, NULL, NULL, NULL, NULL, NULL, NULL, NULL, NULL, 0, 0),
(6, 9, NULL, NULL, NULL, NULL, NULL, NULL, NULL, NULL, NULL, NULL, NULL, 0, 0),
(7, 9, NULL, NULL, NULL, NULL, NULL, NULL, NULL, NULL, NULL, NULL, NULL, 0, 0),
(8, 9, NULL, NULL, NULL, NULL, NULL, NULL, NULL, NULL, NULL, NULL, NULL, 0, 0),
(9, 9, NULL, NULL, NULL, NULL, NULL, NULL, NULL, NULL, NULL, NULL, NULL, 0, 0),
(10, 9, NULL, NULL, NULL, NULL, NULL, NULL, NULL, NULL, NULL, NULL, NULL, 0, 0),
(11, 9, NULL, NULL, NULL, NULL, NULL, NULL, NULL, NULL, NULL, NULL, NULL, 0, 0),
(12, 9, NULL, NULL, NULL, NULL, NULL, NULL, NULL, NULL, NULL, NULL, NULL, 0, 0),
(13, 9, NULL, NULL, NULL, NULL, NULL, NULL, NULL, NULL, NULL, NULL, NULL, 0, 0),
(14, 9, NULL, NULL, NULL, NULL, NULL, NULL, NULL, NULL, NULL, NULL, NULL, 0, 0),
(15, 9, NULL, NULL, NULL, NULL, NULL, NULL, NULL, NULL, NULL, NULL, NULL, 0, 0),
(16, 9, NULL, NULL, NULL, NULL, NULL, NULL, NULL, NULL, NULL, NULL, NULL, 0, 0),
(17, 9, NULL, NULL, NULL, NULL, NULL, NULL, NULL, NULL, NULL, NULL, NULL, 0, 0),
(18, 9, NULL, NULL, NULL, NULL, NULL, NULL, NULL, NULL, NULL, NULL, NULL, 0, 0),
(19, 9, NULL, NULL, NULL, NULL, NULL, NULL, NULL, NULL, NULL, NULL, NULL, 0, 0),
(20, 9, NULL, NULL, NULL, NULL, NULL, NULL, NULL, NULL, NULL, NULL, NULL, 0, 0),
(21, 9, NULL, NULL, NULL, NULL, NULL, NULL, NULL, NULL, NULL, NULL, NULL, 0, 0),
(22, 9, NULL, NULL, NULL, NULL, NULL, NULL, NULL, NULL, NULL, NULL, NULL, 0, 0),
(23, 9, NULL, NULL, NULL, NULL, NULL, NULL, NULL, NULL, NULL, NULL, NULL, 0, 0),
(24, 9, NULL, NULL, NULL, NULL, NULL, NULL, NULL, NULL, NULL, NULL, NULL, 0, 0),
(25, 9, NULL, NULL, NULL, NULL, NULL, NULL, NULL, NULL, NULL, NULL, NULL, 0, 0),
(26, 9, NULL, NULL, NULL, NULL, NULL, NULL, NULL, NULL, NULL, NULL, NULL, 0, 0),
(27, 9, NULL, NULL, NULL, NULL, NULL, NULL, NULL, NULL, NULL, NULL, NULL, 0, 0),
(28, 9, NULL, NULL, NULL, NULL, NULL, NULL, NULL, NULL, NULL, NULL, NULL, 0, 0),
(29, 9, NULL, NULL, NULL, NULL, NULL, NULL, NULL, NULL, NULL, NULL, NULL, 0, 0),
(30, 9, NULL, NULL, NULL, NULL, NULL, NULL, NULL, NULL, NULL, NULL, NULL, 0, 0),
(31, 9, NULL, NULL, NULL, NULL, NULL, NULL, NULL, NULL, NULL, NULL, NULL, 0, 0),
(32, 9, NULL, NULL, NULL, NULL, NULL, NULL, NULL, NULL, NULL, NULL, NULL, 0, 0),
(33, 9, NULL, NULL, NULL, NULL, NULL, NULL, NULL, NULL, NULL, NULL, NULL, 0, 0),
(34, 9, NULL, NULL, NULL, NULL, NULL, NULL, NULL, NULL, NULL, NULL, NULL, 0, 0),
(35, 9, NULL, NULL, NULL, NULL, NULL, NULL, NULL, NULL, NULL, NULL, NULL, 0, 0),
(36, 9, NULL, NULL, NULL, NULL, NULL, NULL, NULL, NULL, NULL, NULL, NULL, 0, 0),
(37, 9, NULL, NULL, NULL, NULL, NULL, NULL, NULL, NULL, NULL, NULL, NULL, 0, 0),
(38, 9, NULL, NULL, NULL, NULL, NULL, NULL, NULL, NULL, NULL, NULL, NULL, 0, 0),
(39, 9, NULL, NULL, NULL, NULL, NULL, NULL, NULL, NULL, NULL, NULL, NULL, 0, 0),
(40, 9, NULL, NULL, NULL, NULL, NULL, NULL, NULL, NULL, NULL, NULL, NULL, 0, 0),
(41, 9, NULL, NULL, NULL, NULL, NULL, NULL, NULL, NULL, NULL, NULL, NULL, 0, 0),
(42, 9, NULL, NULL, NULL, NULL, NULL, NULL, NULL, NULL, NULL, NULL, NULL, 0, 0),
(43, 9, NULL, NULL, NULL, NULL, NULL, NULL, NULL, NULL, NULL, NULL, NULL, 0, 0),
(44, 9, NULL, NULL, NULL, NULL, NULL, NULL, NULL, NULL, NULL, NULL, NULL, 0, 0),
(45, 9, NULL, NULL, NULL, NULL, NULL, NULL, NULL, NULL, NULL, NULL, NULL, 0, 0),
(46, 9, NULL, NULL, NULL, NULL, NULL, NULL, NULL, NULL, NULL, NULL, NULL, 0, 0),
(47, 9, NULL, NULL, NULL, NULL, NULL, NULL, NULL, NULL, NULL, NULL, NULL, 0, 0),
(48, 9, NULL, NULL, NULL, NULL, NULL, NULL, NULL, NULL, NULL, NULL, NULL, 0, 0),
(49, 9, NULL, NULL, NULL, NULL, NULL, NULL, NULL, NULL, NULL, NULL, NULL, 0, 0),
(50, 9, NULL, NULL, NULL, NULL, NULL, NULL, NULL, NULL, NULL, NULL, NULL, 0, 0),
(51, 9, NULL, NULL, NULL, NULL, NULL, NULL, NULL, NULL, NULL, NULL, NULL, 0, 0),
(52, 9, NULL, NULL, NULL, NULL, NULL, NULL, NULL, NULL, NULL, NULL, NULL, 0, 0),
(53, 9, NULL, NULL, NULL, NULL, NULL, NULL, NULL, NULL, NULL, NULL, NULL, 0, 0),
(54, 9, NULL, NULL, NULL, NULL, NULL, NULL, NULL, NULL, NULL, NULL, NULL, 0, 0),
(55, 9, NULL, NULL, NULL, NULL, NULL, NULL, NULL, NULL, NULL, NULL, NULL, 0, 0),
(56, 9, NULL, NULL, NULL, NULL, NULL, NULL, NULL, NULL, NULL, NULL, NULL, 0, 0),
(57, 9, NULL, NULL, NULL, NULL, NULL, NULL, NULL, NULL, NULL, NULL, NULL, 0, 0),
(58, 9, NULL, NULL, NULL, NULL, NULL, NULL, NULL, NULL, NULL, NULL, NULL, 0, 0),
(59, 9, NULL, NULL, NULL, NULL, NULL, NULL, NULL, NULL, NULL, NULL, NULL, 0, 0),
(60, 9, NULL, NULL, NULL, NULL, NULL, NULL, NULL, NULL, NULL, NULL, NULL, 0, 0),
(61, 9, NULL, NULL, NULL, NULL, NULL, NULL, NULL, NULL, NULL, NULL, NULL, 0, 0),
(62, 9, NULL, NULL, NULL, NULL, NULL, NULL, NULL, NULL, NULL, NULL, NULL, 0, 0),
(63, 9, NULL, NULL, NULL, NULL, NULL, NULL, NULL, NULL, NULL, NULL, NULL, 0, 0),
(64, 9, NULL, NULL, NULL, NULL, NULL, NULL, NULL, NULL, NULL, NULL, NULL, 0, 0),
(65, 9, NULL, NULL, NULL, NULL, NULL, NULL, NULL, NULL, NULL, NULL, NULL, 0, 0),
(66, 9, NULL, NULL, NULL, NULL, NULL, NULL, NULL, NULL, NULL, NULL, NULL, 0, 0),
(67, 9, NULL, NULL, NULL, NULL, NULL, NULL, NULL, NULL, NULL, NULL, NULL, 0, 0),
(68, 9, NULL, NULL, NULL, NULL, NULL, NULL, NULL, NULL, NULL, NULL, NULL, 0, 0),
(69, 9, NULL, NULL, NULL, NULL, NULL, NULL, NULL, NULL, NULL, NULL, NULL, 0, 0),
(70, 9, NULL, NULL, NULL, NULL, NULL, NULL, NULL, NULL, NULL, NULL, NULL, 0, 0),
(71, 9, NULL, NULL, NULL, NULL, NULL, NULL, NULL, NULL, NULL, NULL, NULL, 0, 0),
(72, 9, NULL, NULL, NULL, NULL, NULL, NULL, NULL, NULL, NULL, NULL, NULL, 0, 0),
(73, 9, NULL, NULL, NULL, NULL, NULL, NULL, NULL, NULL, NULL, NULL, NULL, 0, 0),
(74, 9, NULL, NULL, NULL, NULL, NULL, NULL, NULL, NULL, NULL, NULL, NULL, 0, 0),
(75, 9, NULL, NULL, NULL, NULL, NULL, NULL, NULL, NULL, NULL, NULL, NULL, 0, 0),
(76, 9, NULL, NULL, NULL, NULL, NULL, NULL, NULL, NULL, NULL, NULL, NULL, 0, 0),
(77, 9, NULL, NULL, NULL, NULL, NULL, NULL, NULL, NULL, NULL, NULL, NULL, 0, 0),
(78, 9, NULL, NULL, NULL, NULL, NULL, NULL, NULL, NULL, NULL, NULL, NULL, 0, 0),
(79, 9, NULL, NULL, NULL, NULL, NULL, NULL, NULL, NULL, NULL, NULL, NULL, 0, 0),
(80, 9, NULL, NULL, NULL, NULL, NULL, NULL, NULL, NULL, NULL, NULL, NULL, 0, 0),
(81, 9, NULL, NULL, NULL, NULL, NULL, NULL, NULL, NULL, NULL, NULL, NULL, 0, 0),
(82, 9, NULL, NULL, NULL, NULL, NULL, NULL, NULL, NULL, NULL, NULL, NULL, 0, 0),
(83, 9, NULL, NULL, NULL, NULL, NULL, NULL, NULL, NULL, NULL, NULL, NULL, 0, 0),
(84, 9, NULL, NULL, NULL, NULL, NULL, NULL, NULL, NULL, NULL, NULL, NULL, 0, 0),
(85, 9, NULL, NULL, NULL, NULL, NULL, NULL, NULL, NULL, NULL, NULL, NULL, 0, 0),
(86, 9, NULL, NULL, NULL, NULL, NULL, NULL, NULL, NULL, NULL, NULL, NULL, 0, 0),
(87, 9, NULL, NULL, NULL, NULL, NULL, NULL, NULL, NULL, NULL, NULL, NULL, 0, 0),
(88, 9, NULL, NULL, NULL, NULL, NULL, NULL, NULL, NULL, NULL, NULL, NULL, 0, 0),
(89, 9, NULL, NULL, NULL, NULL, NULL, NULL, NULL, NULL, NULL, NULL, NULL, 0, 0),
(90, 9, NULL, NULL, NULL, NULL, NULL, NULL, NULL, NULL, NULL, NULL, NULL, 0, 0),
(91, 9, NULL, NULL, NULL, NULL, NULL, NULL, NULL, NULL, NULL, NULL, NULL, 0, 0),
(92, 9, NULL, NULL, NULL, NULL, NULL, NULL, NULL, NULL, NULL, NULL, NULL, 0, 0),
(93, 9, NULL, NULL, NULL, NULL, NULL, NULL, NULL, NULL, NULL, NULL, NULL, 0, 0),
(94, 9, NULL, NULL, NULL, NULL, NULL, NULL, NULL, NULL, NULL, NULL, NULL, 0, 0),
(95, 9, NULL, NULL, NULL, NULL, NULL, NULL, NULL, NULL, NULL, NULL, NULL, 0, 0),
(96, 9, NULL, NULL, NULL, NULL, NULL, NULL, NULL, NULL, NULL, NULL, NULL, 0, 0),
(97, 9, NULL, NULL, NULL, NULL, NULL, NULL, NULL, NULL, NULL, NULL, NULL, 0, 0),
(98, 9, NULL, NULL, NULL, NULL, NULL, NULL, NULL, NULL, NULL, NULL, NULL, 0, 0),
(99, 9, NULL, NULL, NULL, NULL, NULL, NULL, NULL, NULL, NULL, NULL, NULL, 0, 0),
(100, 9, NULL, NULL, NULL, NULL, NULL, NULL, NULL, NULL, NULL, NULL, NULL, 0, 0),
(101, 9, NULL, NULL, NULL, NULL, NULL, NULL, NULL, NULL, NULL, NULL, NULL, 0, 0),
(102, 9, NULL, NULL, NULL, NULL, NULL, NULL, NULL, NULL, NULL, NULL, NULL, 0, 0),
(103, 9, NULL, NULL, NULL, NULL, NULL, NULL, NULL, NULL, NULL, NULL, NULL, 0, 0),
(104, 9, NULL, NULL, NULL, NULL, NULL, NULL, NULL, NULL, NULL, NULL, NULL, 0, 0),
(105, 9, NULL, NULL, NULL, NULL, NULL, NULL, NULL, NULL, NULL, NULL, NULL, 0, 0),
(106, 9, NULL, NULL, NULL, NULL, NULL, NULL, NULL, NULL, NULL, NULL, NULL, 0, 0),
(107, 9, NULL, NULL, NULL, NULL, NULL, NULL, NULL, NULL, NULL, NULL, NULL, 0, 0),
(108, 9, NULL, NULL, NULL, NULL, NULL, NULL, NULL, NULL, NULL, NULL, NULL, 0, 0),
(109, 9, NULL, NULL, NULL, NULL, NULL, NULL, NULL, NULL, NULL, NULL, NULL, 0, 0),
(110, 9, NULL, NULL, NULL, NULL, NULL, NULL, NULL, NULL, NULL, NULL, NULL, 0, 0),
(111, 9, NULL, NULL, NULL, NULL, NULL, NULL, NULL, NULL, NULL, NULL, NULL, 0, 0),
(112, 9, NULL, NULL, NULL, NULL, NULL, NULL, NULL, NULL, NULL, NULL, NULL, 0, 0),
(113, 9, NULL, NULL, NULL, NULL, NULL, NULL, NULL, NULL, NULL, NULL, NULL, 0, 0),
(114, 9, NULL, NULL, NULL, NULL, NULL, NULL, NULL, NULL, NULL, NULL, NULL, 0, 0),
(115, 9, NULL, NULL, NULL, NULL, NULL, NULL, NULL, NULL, NULL, NULL, NULL, 0, 0),
(116, 9, NULL, NULL, NULL, NULL, NULL, NULL, NULL, NULL, NULL, NULL, NULL, 0, 0),
(117, 9, NULL, NULL, NULL, NULL, NULL, NULL, NULL, NULL, NULL, NULL, NULL, 0, 0),
(118, 9, NULL, NULL, NULL, NULL, NULL, NULL, NULL, NULL, NULL, NULL, NULL, 0, 0),
(119, 9, NULL, NULL, NULL, NULL, NULL, NULL, NULL, NULL, NULL, NULL, NULL, 0, 0),
(120, 9, NULL, NULL, NULL, NULL, NULL, NULL, NULL, NULL, NULL, NULL, NULL, 0, 0),
(121, 9, NULL, NULL, NULL, NULL, NULL, NULL, NULL, NULL, NULL, NULL, NULL, 0, 0),
(122, 9, NULL, NULL, NULL, NULL, NULL, NULL, NULL, NULL, NULL, NULL, NULL, 0, 0),
(123, 9, NULL, NULL, NULL, NULL, NULL, NULL, NULL, NULL, NULL, NULL, NULL, 0, 0),
(124, 9, NULL, NULL, NULL, NULL, NULL, NULL, NULL, NULL, NULL, NULL, NULL, 0, 0),
(125, 9, NULL, NULL, NULL, NULL, NULL, NULL, NULL, NULL, NULL, NULL, NULL, 0, 0),
(126, 9, NULL, NULL, NULL, NULL, NULL, NULL, NULL, NULL, NULL, NULL, NULL, 0, 0),
(127, 9, NULL, NULL, NULL, NULL, NULL, NULL, NULL, NULL, NULL, NULL, NULL, 0, 0),
(128, 9, NULL, NULL, NULL, NULL, NULL, NULL, NULL, NULL, NULL, NULL, NULL, 0, 0),
(129, 9, NULL, NULL, NULL, NULL, NULL, NULL, NULL, NULL, NULL, NULL, NULL, 0, 0),
(130, 9, NULL, NULL, NULL, NULL, NULL, NULL, NULL, NULL, NULL, NULL, NULL, 0, 0),
(131, 9, NULL, NULL, NULL, NULL, NULL, NULL, NULL, NULL, NULL, NULL, NULL, 0, 0),
(132, 9, NULL, NULL, NULL, NULL, NULL, NULL, NULL, NULL, NULL, NULL, NULL, 0, 0),
(133, 9, NULL, NULL, NULL, NULL, NULL, NULL, NULL, NULL, NULL, NULL, NULL, 0, 0),
(134, 9, NULL, NULL, NULL, NULL, NULL, NULL, NULL, NULL, NULL, NULL, NULL, 0, 0),
(135, 9, NULL, NULL, NULL, NULL, NULL, NULL, NULL, NULL, NULL, NULL, NULL, 0, 0),
(136, 9, NULL, NULL, NULL, NULL, NULL, NULL, NULL, NULL, NULL, NULL, NULL, 0, 0),
(137, 9, NULL, NULL, NULL, NULL, NULL, NULL, NULL, NULL, NULL, NULL, NULL, 0, 0),
(138, 9, NULL, NULL, NULL, NULL, NULL, NULL, NULL, NULL, NULL, NULL, NULL, 0, 0),
(139, 9, NULL, NULL, NULL, NULL, NULL, NULL, NULL, NULL, NULL, NULL, NULL, 0, 0),
(140, 9, NULL, NULL, NULL, NULL, NULL, NULL, NULL, NULL, NULL, NULL, NULL, 0, 0),
(141, 9, NULL, NULL, NULL, NULL, NULL, NULL, NULL, NULL, NULL, NULL, NULL, 0, 0),
(142, 9, NULL, NULL, NULL, NULL, NULL, NULL, NULL, NULL, NULL, NULL, NULL, 0, 0),
(143, 9, NULL, NULL, NULL, NULL, NULL, NULL, NULL, NULL, NULL, NULL, NULL, 0, 0),
(144, 9, NULL, NULL, NULL, NULL, NULL, NULL, NULL, NULL, NULL, NULL, NULL, 0, 0),
(145, 9, NULL, NULL, NULL, NULL, NULL, NULL, NULL, NULL, NULL, NULL, NULL, 0, 0),
(146, 9, NULL, NULL, NULL, NULL, NULL, NULL, NULL, NULL, NULL, NULL, NULL, 0, 0),
(147, 9, NULL, NULL, NULL, NULL, NULL, NULL, NULL, NULL, NULL, NULL, NULL, 0, 0),
(148, 9, NULL, NULL, NULL, NULL, NULL, NULL, NULL, NULL, NULL, NULL, NULL, 0, 0),
(149, 9, NULL, NULL, NULL, NULL, NULL, NULL, NULL, NULL, NULL, NULL, NULL, 0, 0),
(150, 9, NULL, NULL, NULL, NULL, NULL, NULL, NULL, NULL, NULL, NULL, NULL, 0, 0),
(151, 9, NULL, NULL, NULL, NULL, NULL, NULL, NULL, NULL, NULL, NULL, NULL, 0, 0),
(152, 9, NULL, NULL, NULL, NULL, NULL, NULL, NULL, NULL, NULL, NULL, NULL, 0, 0),
(153, 9, NULL, NULL, NULL, NULL, NULL, NULL, NULL, NULL, NULL, NULL, NULL, 0, 0),
(154, 9, NULL, NULL, NULL, NULL, NULL, NULL, NULL, NULL, NULL, NULL, NULL, 0, 0),
(155, 9, NULL, NULL, NULL, NULL, NULL, NULL, NULL, NULL, NULL, NULL, NULL, 0, 0),
(156, 9, NULL, NULL, NULL, NULL, NULL, NULL, NULL, NULL, NULL, NULL, NULL, 0, 0),
(157, 9, NULL, NULL, NULL, NULL, NULL, NULL, NULL, NULL, NULL, NULL, NULL, 0, 0),
(158, 9, NULL, NULL, NULL, NULL, NULL, NULL, NULL, NULL, NULL, NULL, NULL, 0, 0),
(159, 9, NULL, NULL, NULL, NULL, NULL, NULL, NULL, NULL, NULL, NULL, NULL, 0, 0),
(160, 9, NULL, NULL, NULL, NULL, NULL, NULL, NULL, NULL, NULL, NULL, NULL, 0, 0),
(161, 9, NULL, NULL, NULL, NULL, NULL, NULL, NULL, NULL, NULL, NULL, NULL, 0, 0),
(162, 9, NULL, NULL, NULL, NULL, NULL, NULL, NULL, NULL, NULL, NULL, NULL, 0, 0),
(163, 9, NULL, NULL, NULL, NULL, NULL, NULL, NULL, NULL, NULL, NULL, NULL, 0, 0),
(164, 9, NULL, NULL, NULL, NULL, NULL, NULL, NULL, NULL, NULL, NULL, NULL, 0, 0),
(165, 9, NULL, NULL, NULL, NULL, NULL, NULL, NULL, NULL, NULL, NULL, NULL, 0, 0),
(166, 9, NULL, NULL, NULL, NULL, NULL, NULL, NULL, NULL, NULL, NULL, NULL, 0, 0),
(167, 9, NULL, NULL, NULL, NULL, NULL, NULL, NULL, NULL, NULL, NULL, NULL, 0, 0),
(168, 9, NULL, NULL, NULL, NULL, NULL, NULL, NULL, NULL, NULL, NULL, NULL, 0, 0),
(169, 9, NULL, NULL, NULL, NULL, NULL, NULL, NULL, NULL, NULL, NULL, NULL, 0, 0),
(170, 9, NULL, NULL, NULL, NULL, NULL, NULL, NULL, NULL, NULL, NULL, NULL, 0, 0),
(171, 9, NULL, NULL, NULL, NULL, NULL, NULL, NULL, NULL, NULL, NULL, NULL, 0, 0),
(172, 9, NULL, NULL, NULL, NULL, NULL, NULL, NULL, NULL, NULL, NULL, NULL, 0, 0),
(173, 9, NULL, NULL, NULL, NULL, NULL, NULL, NULL, NULL, NULL, NULL, NULL, 0, 0),
(174, 9, NULL, NULL, NULL, NULL, NULL, NULL, NULL, NULL, NULL, NULL, NULL, 0, 0),
(175, 9, NULL, NULL, NULL, NULL, NULL, NULL, NULL, NULL, NULL, NULL, NULL, 0, 0),
(176, 9, NULL, NULL, NULL, NULL, NULL, NULL, NULL, NULL, NULL, NULL, NULL, 0, 0),
(177, 9, NULL, NULL, NULL, NULL, NULL, NULL, NULL, NULL, NULL, NULL, NULL, 0, 0),
(178, 9, NULL, NULL, NULL, NULL, NULL, NULL, NULL, NULL, NULL, NULL, NULL, 0, 0),
(179, 9, NULL, NULL, NULL, NULL, NULL, NULL, NULL, NULL, NULL, NULL, NULL, 0, 0),
(180, 9, NULL, NULL, NULL, NULL, NULL, NULL, NULL, NULL, NULL, NULL, NULL, 0, 0),
(181, 9, NULL, NULL, NULL, NULL, NULL, NULL, NULL, NULL, NULL, NULL, NULL, 0, 0),
(182, 9, NULL, NULL, NULL, NULL, NULL, NULL, NULL, NULL, NULL, NULL, NULL, 0, 0),
(183, 9, NULL, NULL, NULL, NULL, NULL, NULL, NULL, NULL, NULL, NULL, NULL, 0, 0),
(184, 9, NULL, NULL, NULL, NULL, NULL, NULL, NULL, NULL, NULL, NULL, NULL, 0, 0),
(185, 9, NULL, NULL, NULL, NULL, NULL, NULL, NULL, NULL, NULL, NULL, NULL, 0, 0),
(186, 9, NULL, NULL, NULL, NULL, NULL, NULL, NULL, NULL, NULL, NULL, NULL, 0, 0),
(187, 9, NULL, NULL, NULL, NULL, NULL, NULL, NULL, NULL, NULL, NULL, NULL, 0, 0),
(188, 9, NULL, NULL, NULL, NULL, NULL, NULL, NULL, NULL, NULL, NULL, NULL, 0, 0),
(189, 9, NULL, NULL, NULL, NULL, NULL, NULL, NULL, NULL, NULL, NULL, NULL, 0, 0),
(190, 9, NULL, NULL, NULL, NULL, NULL, NULL, NULL, NULL, NULL, NULL, NULL, 0, 0),
(191, 9, NULL, NULL, NULL, NULL, NULL, NULL, NULL, NULL, NULL, NULL, NULL, 0, 0),
(192, 9, NULL, NULL, NULL, NULL, NULL, NULL, NULL, NULL, NULL, NULL, NULL, 0, 0),
(193, 9, NULL, NULL, NULL, NULL, NULL, NULL, NULL, NULL, NULL, NULL, NULL, 0, 0),
(194, 9, NULL, NULL, NULL, NULL, NULL, NULL, NULL, NULL, NULL, NULL, NULL, 0, 0),
(195, 9, NULL, NULL, NULL, NULL, NULL, NULL, NULL, NULL, NULL, NULL, NULL, 0, 0),
(196, 9, NULL, NULL, NULL, NULL, NULL, NULL, NULL, NULL, NULL, NULL, NULL, 0, 0),
(197, 9, NULL, NULL, NULL, NULL, NULL, NULL, NULL, NULL, NULL, NULL, NULL, 0, 0),
(198, 9, NULL, NULL, NULL, NULL, NULL, NULL, NULL, NULL, NULL, NULL, NULL, 0, 0),
(199, 9, NULL, NULL, NULL, NULL, NULL, NULL, NULL, NULL, NULL, NULL, NULL, 0, 0),
(200, 9, NULL, NULL, NULL, NULL, NULL, NULL, NULL, NULL, NULL, NULL, NULL, 0, 0),
(201, 9, NULL, NULL, NULL, NULL, NULL, NULL, NULL, NULL, NULL, NULL, NULL, 0, 0),
(202, 9, NULL, NULL, NULL, NULL, NULL, NULL, NULL, NULL, NULL, NULL, NULL, 0, 0),
(203, 9, NULL, NULL, NULL, NULL, NULL, NULL, NULL, NULL, NULL, NULL, NULL, 0, 0),
(204, 9, NULL, NULL, NULL, NULL, NULL, NULL, NULL, NULL, NULL, NULL, NULL, 0, 0),
(205, 9, NULL, NULL, NULL, NULL, NULL, NULL, NULL, NULL, NULL, NULL, NULL, 0, 0),
(206, 9, NULL, NULL, NULL, NULL, NULL, NULL, NULL, NULL, NULL, NULL, NULL, 0, 0),
(207, 9, NULL, NULL, NULL, NULL, NULL, NULL, NULL, NULL, NULL, NULL, NULL, 0, 0),
(208, 9, NULL, NULL, NULL, NULL, NULL, NULL, NULL, NULL, NULL, NULL, NULL, 0, 0),
(209, 9, NULL, NULL, NULL, NULL, NULL, NULL, NULL, NULL, NULL, NULL, NULL, 0, 0),
(210, 9, NULL, NULL, NULL, NULL, NULL, NULL, NULL, NULL, NULL, NULL, NULL, 0, 0),
(211, 9, NULL, NULL, NULL, NULL, NULL, NULL, NULL, NULL, NULL, NULL, NULL, 0, 0),
(212, 9, NULL, NULL, NULL, NULL, NULL, NULL, NULL, NULL, NULL, NULL, NULL, 0, 0),
(213, 9, NULL, NULL, NULL, NULL, NULL, NULL, NULL, NULL, NULL, NULL, NULL, 0, 0),
(214, 9, NULL, NULL, NULL, NULL, NULL, NULL, NULL, NULL, NULL, NULL, NULL, 0, 0),
(215, 9, NULL, NULL, NULL, NULL, NULL, NULL, NULL, NULL, NULL, NULL, NULL, 0, 0),
(216, 9, NULL, NULL, NULL, NULL, NULL, NULL, NULL, NULL, NULL, NULL, NULL, 0, 0),
(217, 9, NULL, NULL, NULL, NULL, NULL, NULL, NULL, NULL, NULL, NULL, NULL, 0, 0),
(218, 9, NULL, NULL, NULL, NULL, NULL, NULL, NULL, NULL, NULL, NULL, NULL, 0, 0),
(219, 9, NULL, NULL, NULL, NULL, NULL, NULL, NULL, NULL, NULL, NULL, NULL, 0, 0),
(220, 9, NULL, NULL, NULL, NULL, NULL, NULL, NULL, NULL, NULL, NULL, NULL, 0, 0),
(221, 9, NULL, NULL, NULL, NULL, NULL, NULL, NULL, NULL, NULL, NULL, NULL, 0, 0),
(222, 9, NULL, NULL, NULL, NULL, NULL, NULL, NULL, NULL, NULL, NULL, NULL, 0, 0),
(223, 9, NULL, NULL, NULL, NULL, NULL, NULL, NULL, NULL, NULL, NULL, NULL, 0, 0),
(224, 9, NULL, NULL, NULL, NULL, NULL, NULL, NULL, NULL, NULL, NULL, NULL, 0, 0),
(225, 9, NULL, NULL, NULL, NULL, NULL, NULL, NULL, NULL, NULL, NULL, NULL, 0, 0),
(226, 9, NULL, NULL, NULL, NULL, NULL, NULL, NULL, NULL, NULL, NULL, NULL, 0, 0),
(227, 9, NULL, NULL, NULL, NULL, NULL, NULL, NULL, NULL, NULL, NULL, NULL, 0, 0),
(228, 9, NULL, NULL, NULL, NULL, NULL, NULL, NULL, NULL, NULL, NULL, NULL, 0, 0),
(229, 9, NULL, NULL, NULL, NULL, NULL, NULL, NULL, NULL, NULL, NULL, NULL, 0, 0),
(230, 9, NULL, NULL, NULL, NULL, NULL, NULL, NULL, NULL, NULL, NULL, NULL, 0, 0),
(231, 9, NULL, NULL, NULL, NULL, NULL, NULL, NULL, NULL, NULL, NULL, NULL, 0, 0),
(232, 9, NULL, NULL, NULL, NULL, NULL, NULL, NULL, NULL, NULL, NULL, NULL, 0, 0),
(233, 9, NULL, NULL, NULL, NULL, NULL, NULL, NULL, NULL, NULL, NULL, NULL, 0, 0),
(234, 9, NULL, NULL, NULL, NULL, NULL, NULL, NULL, NULL, NULL, NULL, NULL, 0, 0),
(235, 9, NULL, NULL, NULL, NULL, NULL, NULL, NULL, NULL, NULL, NULL, NULL, 0, 0),
(236, 9, NULL, NULL, NULL, NULL, NULL, NULL, NULL, NULL, NULL, NULL, NULL, 0, 0),
(237, 9, NULL, NULL, NULL, NULL, NULL, NULL, NULL, NULL, NULL, NULL, NULL, 0, 0),
(238, 9, NULL, NULL, NULL, NULL, NULL, NULL, NULL, NULL, NULL, NULL, NULL, 0, 0),
(239, 9, NULL, NULL, NULL, NULL, NULL, NULL, NULL, NULL, NULL, NULL, NULL, 0, 0),
(240, 9, NULL, NULL, NULL, NULL, NULL, NULL, NULL, NULL, NULL, NULL, NULL, 0, 0),
(241, 9, NULL, NULL, NULL, NULL, NULL, NULL, NULL, NULL, NULL, NULL, NULL, 0, 0),
(242, 9, NULL, NULL, NULL, NULL, NULL, NULL, NULL, NULL, NULL, NULL, NULL, 0, 0),
(243, 9, NULL, NULL, NULL, NULL, NULL, NULL, NULL, NULL, NULL, NULL, NULL, 0, 0),
(244, 9, NULL, NULL, NULL, NULL, NULL, NULL, NULL, NULL, NULL, NULL, NULL, 0, 0),
(245, 9, NULL, NULL, NULL, NULL, NULL, NULL, NULL, NULL, NULL, NULL, NULL, 0, 0),
(246, 9, NULL, NULL, NULL, NULL, NULL, NULL, NULL, NULL, NULL, NULL, NULL, 0, 0),
(247, 9, NULL, NULL, NULL, NULL, NULL, NULL, NULL, NULL, NULL, NULL, NULL, 0, 0),
(248, 9, NULL, NULL, NULL, NULL, NULL, NULL, NULL, NULL, NULL, NULL, NULL, 0, 0),
(249, 9, NULL, NULL, NULL, NULL, NULL, NULL, NULL, NULL, NULL, NULL, NULL, 0, 0),
(250, 9, NULL, NULL, NULL, NULL, NULL, NULL, NULL, NULL, NULL, NULL, NULL, 0, 0),
(251, 9, NULL, NULL, NULL, NULL, NULL, NULL, NULL, NULL, NULL, NULL, NULL, 0, 0),
(252, 9, NULL, NULL, NULL, NULL, NULL, NULL, NULL, NULL, NULL, NULL, NULL, 0, 0),
(253, 9, NULL, NULL, NULL, NULL, NULL, NULL, NULL, NULL, NULL, NULL, NULL, 0, 0),
(254, 9, NULL, NULL, NULL, NULL, NULL, NULL, NULL, NULL, NULL, NULL, NULL, 0, 0),
(255, 9, NULL, NULL, NULL, NULL, NULL, NULL, NULL, NULL, NULL, NULL, NULL, 0, 0),
(256, 9, NULL, NULL, NULL, NULL, NULL, NULL, NULL, NULL, NULL, NULL, NULL, 0, 0),
(257, 9, NULL, NULL, NULL, NULL, NULL, NULL, NULL, NULL, NULL, NULL, NULL, 0, 0),
(258, 9, NULL, NULL, NULL, NULL, NULL, NULL, NULL, NULL, NULL, NULL, NULL, 0, 0),
(259, 9, NULL, NULL, NULL, NULL, NULL, NULL, NULL, NULL, NULL, NULL, NULL, 0, 0),
(260, 9, NULL, NULL, NULL, NULL, NULL, NULL, NULL, NULL, NULL, NULL, NULL, 0, 0),
(261, 9, NULL, NULL, NULL, NULL, NULL, NULL, NULL, NULL, NULL, NULL, NULL, 0, 0),
(262, 9, NULL, NULL, NULL, NULL, NULL, NULL, NULL, NULL, NULL, NULL, NULL, 0, 0),
(263, 9, NULL, NULL, NULL, NULL, NULL, NULL, NULL, NULL, NULL, NULL, NULL, 0, 0),
(264, 9, NULL, NULL, NULL, NULL, NULL, NULL, NULL, NULL, NULL, NULL, NULL, 0, 0),
(265, 9, NULL, NULL, NULL, NULL, NULL, NULL, NULL, NULL, NULL, NULL, NULL, 0, 0),
(266, 9, NULL, NULL, NULL, NULL, NULL, NULL, NULL, NULL, NULL, NULL, NULL, 0, 0),
(267, 9, NULL, NULL, NULL, NULL, NULL, NULL, NULL, NULL, NULL, NULL, NULL, 0, 0),
(268, 9, NULL, NULL, NULL, NULL, NULL, NULL, NULL, NULL, NULL, NULL, NULL, 0, 0),
(269, 9, NULL, NULL, NULL, NULL, NULL, NULL, NULL, NULL, NULL, NULL, NULL, 0, 0),
(270, 9, NULL, NULL, NULL, NULL, NULL, NULL, NULL, NULL, NULL, NULL, NULL, 0, 0),
(271, 9, NULL, NULL, NULL, NULL, NULL, NULL, NULL, NULL, NULL, NULL, NULL, 0, 0),
(272, 9, NULL, NULL, NULL, NULL, NULL, NULL, NULL, NULL, NULL, NULL, NULL, 0, 0),
(273, 9, NULL, NULL, NULL, NULL, NULL, NULL, NULL, NULL, NULL, NULL, NULL, 0, 0),
(274, 9, NULL, NULL, NULL, NULL, NULL, NULL, NULL, NULL, NULL, NULL, NULL, 0, 0),
(275, 9, NULL, NULL, NULL, NULL, NULL, NULL, NULL, NULL, NULL, NULL, NULL, 0, 0),
(276, 9, NULL, NULL, NULL, NULL, NULL, NULL, NULL, NULL, NULL, NULL, NULL, 0, 0),
(277, 9, NULL, NULL, NULL, NULL, NULL, NULL, NULL, NULL, NULL, NULL, NULL, 0, 0),
(278, 9, NULL, NULL, NULL, NULL, NULL, NULL, NULL, NULL, NULL, NULL, NULL, 0, 0),
(279, 9, NULL, NULL, NULL, NULL, NULL, NULL, NULL, NULL, NULL, NULL, NULL, 0, 0),
(280, 9, NULL, NULL, NULL, NULL, NULL, NULL, NULL, NULL, NULL, NULL, NULL, 0, 0),
(281, 9, NULL, NULL, NULL, NULL, NULL, NULL, NULL, NULL, NULL, NULL, NULL, 0, 0),
(282, 9, NULL, NULL, NULL, NULL, NULL, NULL, NULL, NULL, NULL, NULL, NULL, 0, 0),
(283, 9, NULL, NULL, NULL, NULL, NULL, NULL, NULL, NULL, NULL, NULL, NULL, 0, 0),
(284, 9, NULL, NULL, NULL, NULL, NULL, NULL, NULL, NULL, NULL, NULL, NULL, 0, 0),
(285, 9, NULL, NULL, NULL, NULL, NULL, NULL, NULL, NULL, NULL, NULL, NULL, 0, 0),
(286, 9, NULL, NULL, NULL, NULL, NULL, NULL, NULL, NULL, NULL, NULL, NULL, 0, 0),
(287, 9, NULL, NULL, NULL, NULL, NULL, NULL, NULL, NULL, NULL, NULL, NULL, 0, 0),
(288, 9, NULL, NULL, NULL, NULL, NULL, NULL, NULL, NULL, NULL, NULL, NULL, 0, 0),
(289, 9, NULL, NULL, NULL, NULL, NULL, NULL, NULL, NULL, NULL, NULL, NULL, 0, 0),
(290, 9, NULL, NULL, NULL, NULL, NULL, NULL, NULL, NULL, NULL, NULL, NULL, 0, 0),
(291, 9, NULL, NULL, NULL, NULL, NULL, NULL, NULL, NULL, NULL, NULL, NULL, 0, 0),
(292, 9, NULL, NULL, NULL, NULL, NULL, NULL, NULL, NULL, NULL, NULL, NULL, 0, 0),
(293, 9, NULL, NULL, NULL, NULL, NULL, NULL, NULL, NULL, NULL, NULL, NULL, 0, 0),
(294, 9, NULL, NULL, NULL, NULL, NULL, NULL, NULL, NULL, NULL, NULL, NULL, 0, 0),
(295, 9, NULL, NULL, NULL, NULL, NULL, NULL, NULL, NULL, NULL, NULL, NULL, 0, 0),
(296, 9, NULL, NULL, NULL, NULL, NULL, NULL, NULL, NULL, NULL, NULL, NULL, 0, 0),
(297, 9, NULL, NULL, NULL, NULL, NULL, NULL, NULL, NULL, NULL, NULL, NULL, 0, 0),
(298, 9, NULL, NULL, NULL, NULL, NULL, NULL, NULL, NULL, NULL, NULL, NULL, 0, 0),
(299, 9, NULL, NULL, NULL, NULL, NULL, NULL, NULL, NULL, NULL, NULL, NULL, 0, 0),
(300, 9, NULL, NULL, NULL, NULL, NULL, NULL, NULL, NULL, NULL, NULL, NULL, 0, 0),
(301, 9, NULL, NULL, NULL, NULL, NULL, NULL, NULL, NULL, NULL, NULL, NULL, 0, 0),
(302, 9, NULL, NULL, NULL, NULL, NULL, NULL, NULL, NULL, NULL, NULL, NULL, 0, 0),
(303, 9, NULL, NULL, NULL, NULL, NULL, NULL, NULL, NULL, NULL, NULL, NULL, 0, 0),
(304, 9, NULL, NULL, NULL, NULL, NULL, NULL, NULL, NULL, NULL, NULL, NULL, 0, 0),
(305, 9, NULL, NULL, NULL, NULL, NULL, NULL, NULL, NULL, NULL, NULL, NULL, 0, 0),
(306, 9, NULL, NULL, NULL, NULL, NULL, NULL, NULL, NULL, NULL, NULL, NULL, 0, 0),
(307, 9, NULL, NULL, NULL, NULL, NULL, NULL, NULL, NULL, NULL, NULL, NULL, 0, 0),
(308, 9, NULL, NULL, NULL, NULL, NULL, NULL, NULL, NULL, NULL, NULL, NULL, 0, 0);

-- --------------------------------------------------------

--
-- Table structure for table `avisos`
--

CREATE TABLE `avisos` (
  `id` int(11) NOT NULL,
  `id_extraescolar` int(11) NOT NULL,
  `aviso` varchar(255) NOT NULL,
  `fecha_act` date DEFAULT NULL,
  `actividad` varchar(255) NOT NULL,
  `fecha` date NOT NULL,
  `partido` varchar(255) NOT NULL,
  `estado` enum('Activa','Inactiva') NOT NULL
) ENGINE=InnoDB DEFAULT CHARSET=utf8mb4 COLLATE=utf8mb4_general_ci;

--
-- Dumping data for table `avisos`
--

INSERT INTO `avisos` (`id`, `id_extraescolar`, `aviso`, `fecha_act`, `actividad`, `fecha`, `partido`, `estado`) VALUES
(2, 1, 'lluvia mañana', '2025-07-23', 'borrar la cuenta', '2025-07-31', 'partidito mañana', 'Inactiva');

-- --------------------------------------------------------

--
-- Table structure for table `extraescolar`
--

CREATE TABLE `extraescolar` (
  `id` int(11) NOT NULL,
  `Nombre` varchar(25) NOT NULL,
  `Profesor` varchar(50) NOT NULL
) ENGINE=InnoDB DEFAULT CHARSET=utf8mb4 COLLATE=utf8mb4_general_ci;

--
-- Dumping data for table `extraescolar`
--

INSERT INTO `extraescolar` (`id`, `Nombre`, `Profesor`) VALUES
(1, 'Danza', 'Mariana Torres Ramírez'),
(2, 'Fútbol', 'Luis Alberto Ramírez López'),
(3, 'Escolta', 'Beatriz Elena Luna Morales '),
(4, 'Voleibol', 'Karla Sofía Méndez Castro'),
(5, 'Basquetbol', 'Fernando Alejandro Aguilar Méndez'),
(6, 'Taekwondo', 'Diana Carolina Rojas Vega'),
(7, 'Atletismo', 'Omar Javier Castillo Herrera'),
(8, 'Ajedrez', 'Rodrigo Emiliano Salinas Cruz'),
(9, 'Vacio', 'Vacio');

-- --------------------------------------------------------

--
-- Table structure for table `horarios`
--

CREATE TABLE `horarios` (
  `id` int(11) NOT NULL,
  `id_extraescolar` int(11) NOT NULL,
  `lunes` varchar(25) DEFAULT NULL,
  `martes` varchar(25) DEFAULT NULL,
  `miercoles` varchar(25) DEFAULT NULL,
  `jueves` varchar(25) DEFAULT NULL,
  `viernes` varchar(25) DEFAULT NULL
) ENGINE=InnoDB DEFAULT CHARSET=utf8mb4 COLLATE=utf8mb4_general_ci;

--
-- Dumping data for table `horarios`
--

INSERT INTO `horarios` (`id`, `id_extraescolar`, `lunes`, `martes`, `miercoles`, `jueves`, `viernes`) VALUES
(1, 1, '', '10:30AM-2:30PM', NULL, NULL, NULL);

-- --------------------------------------------------------

--
-- Table structure for table `profesores`
--

CREATE TABLE `profesores` (
  `id` int(11) NOT NULL,
  `id_extraescolar` int(11) NOT NULL,
  `apellidoP` varchar(20) NOT NULL,
  `apellidoM` varchar(20) NOT NULL,
  `nombre` varchar(20) NOT NULL,
  `correo` varchar(40) NOT NULL
) ENGINE=InnoDB DEFAULT CHARSET=utf8mb4 COLLATE=utf8mb4_general_ci;

--
-- Dumping data for table `profesores`
--

INSERT INTO `profesores` (`id`, `id_extraescolar`, `apellidoP`, `apellidoM`, `nombre`, `correo`) VALUES
(2, 1, 'Ruiz', 'Hernandez', 'Ricardo Armando', 'ricardoruiz@upqroo.edu.mx'),
(309, 4, 'García', 'Guerra', 'Ángel Jesús', 'agarcia@upqroo.edu.mx'),
(310, 2, 'Hernández', 'Ceme', 'Jesús Manuel', 'j.hernandez@upqroo.edu.mx'),
(311, 5, 'Vigueras', 'Matos', 'Alexis', 'avigueras@upqroo.edu.mx'),
(312, 8, 'Ramiro', 'Romay', 'Adrian', 'aromay@upqroo.edu.mx'),
(313, 6, 'Rodriguez', 'Valdovinos', 'Carlos Alberto', 'c.rodriguez@docentes.upqroo.edu.mx'),
(314, 1, 'Mar', 'Luna', 'Lucio', 'l.mar@docentes.upqroo.edu.mx'),
(315, 7, 'Cordova', 'Meneses', 'Raquel', 'r.cordova@docentes.upqroo.edu.mx'),
(316, 3, 'Miranda', 'Avila', 'Marco', 'mmiranda@upqroo.edu.mx');

-- --------------------------------------------------------

--
-- Table structure for table `usuarios`
--

CREATE TABLE `usuarios` (
  `id` int(11) NOT NULL,
  `acceso` int(11) NOT NULL DEFAULT 1,
  `nombre` varchar(20) NOT NULL,
  `contraseña` varchar(20) NOT NULL DEFAULT '1234',
  `inscrito` tinyint(1) NOT NULL DEFAULT 0
) ENGINE=InnoDB DEFAULT CHARSET=utf8mb4 COLLATE=utf8mb4_general_ci;

--
-- Dumping data for table `usuarios`
--

INSERT INTO `usuarios` (`id`, `acceso`, `nombre`, `contraseña`, `inscrito`) VALUES
(1, 1, '202400194', '1234', 1),
(2, 2, 'ricardo', '1234', 0),
(3, 1, '202400195', '1234', 1),
(4, 1, '202400196', '1234', 0),
(5, 1, '202400197', '1234', 0),
(6, 1, '202400198', '1234', 0),
(7, 1, '202400199', '1234', 0),
(8, 1, '202400200', '1234', 0),
(9, 1, '202400201', '1234', 0),
(10, 1, '202400202', '1234', 0),
(11, 1, '202400203', '1234', 0),
(12, 1, '202400204', '1234', 0),
(13, 1, '202400205', '1234', 0),
(14, 1, '202400206', '1234', 0),
(15, 1, '202400207', '1234', 0),
(16, 1, '202400208', '1234', 0),
(17, 1, '202400209', '1234', 0),
(18, 1, '202400210', '1234', 0),
(19, 1, '202400211', '1234', 0),
(20, 1, '202400212', '1234', 0),
(21, 1, '202400213', '1234', 0),
(22, 1, '202400214', '1234', 0),
(23, 1, '202400215', '1234', 0),
(24, 1, '202400216', '1234', 0),
(25, 1, '202400217', '1234', 0),
(26, 1, '202400218', '1234', 0),
(27, 1, '202400219', '1234', 0),
(28, 1, '202400220', '1234', 0),
(29, 1, '202400221', '1234', 0),
(30, 1, '202400222', '1234', 0),
(31, 1, '202400223', '1234', 0),
(32, 1, '202400224', '1234', 0),
(33, 1, '202400225', '1234', 0),
(34, 1, '202400226', '1234', 0),
(35, 1, '202400227', '1234', 0),
(36, 1, '202400228', '1234', 0),
(37, 1, '202400229', '1234', 0),
(38, 1, '202400230', '1234', 0),
(39, 1, '202400231', '1234', 0),
(40, 1, '202400232', '1234', 0),
(41, 1, '202400233', '1234', 0),
(42, 1, '202400234', '1234', 0),
(43, 1, '202400235', '1234', 0),
(44, 1, '202400236', '1234', 0),
(45, 1, '202400237', '1234', 0),
(46, 1, '202400238', '1234', 0),
(47, 1, '202400239', '1234', 0),
(48, 1, '202400240', '1234', 0),
(49, 1, '202400241', '1234', 0),
(50, 1, '202400242', '1234', 0),
(51, 1, '202400243', '1234', 0),
(52, 1, '202400244', '1234', 0),
(53, 1, '202400245', '1234', 0),
(54, 1, '202400246', '1234', 0),
(55, 1, '202400247', '1234', 0),
(56, 1, '202400248', '1234', 0),
(57, 1, '202400249', '1234', 0),
(58, 1, '202400250', '1234', 0),
(59, 1, '202400251', '1234', 0),
(60, 1, '202400252', '1234', 0),
(61, 1, '202400253', '1234', 0),
(62, 1, '202400254', '1234', 0),
(63, 1, '202400255', '1234', 0),
(64, 1, '202400256', '1234', 0),
(65, 1, '202400257', '1234', 0),
(66, 1, '202400258', '1234', 0),
(67, 1, '202400259', '1234', 0),
(68, 1, '202400260', '1234', 0),
(69, 1, '202400261', '1234', 0),
(70, 1, '202400262', '1234', 0),
(71, 1, '202400263', '1234', 0),
(72, 1, '202400264', '1234', 0),
(73, 1, '202400265', '1234', 0),
(74, 1, '202400266', '1234', 0),
(75, 1, '202400267', '1234', 0),
(76, 1, '202400268', '1234', 0),
(77, 1, '202400269', '1234', 0),
(78, 1, '202400270', '1234', 0),
(79, 1, '202400271', '1234', 0),
(80, 1, '202400272', '1234', 0),
(81, 1, '202400273', '1234', 0),
(82, 1, '202400274', '1234', 0),
(83, 1, '202400275', '1234', 0),
(84, 1, '202400276', '1234', 0),
(85, 1, '202400277', '1234', 0),
(86, 1, '202400278', '1234', 0),
(87, 1, '202400279', '1234', 0),
(88, 1, '202400280', '1234', 0),
(89, 1, '202400281', '1234', 0),
(90, 1, '202400282', '1234', 0),
(91, 1, '202400283', '1234', 0),
(92, 1, '202400284', '1234', 0),
(93, 1, '202400285', '1234', 0),
(94, 1, '202400286', '1234', 0),
(95, 1, '202400287', '1234', 0),
(96, 1, '202400288', '1234', 0),
(97, 1, '202400289', '1234', 0),
(98, 1, '202400290', '1234', 0),
(99, 1, '202400291', '1234', 0),
(100, 1, '202400292', '1234', 0),
(101, 1, '202400293', '1234', 0),
(102, 1, '202400294', '1234', 0),
(103, 1, '202400295', '1234', 0),
(104, 1, '202400296', '1234', 0),
(105, 1, '202400297', '1234', 0),
(106, 1, '202400298', '1234', 0),
(107, 1, '202400299', '1234', 0),
(108, 1, '202400300', '1234', 0),
(109, 1, '202400301', '1234', 0),
(110, 1, '202400302', '1234', 0),
(111, 1, '202400303', '1234', 0),
(112, 1, '202400304', '1234', 0),
(113, 1, '202400305', '1234', 0),
(114, 1, '202400306', '1234', 0),
(115, 1, '202400307', '1234', 0),
(116, 1, '202400308', '1234', 0),
(117, 1, '202400309', '1234', 0),
(118, 1, '202400310', '1234', 0),
(119, 1, '202400311', '1234', 0),
(120, 1, '202400312', '1234', 0),
(121, 1, '202400313', '1234', 0),
(122, 1, '202400314', '1234', 0),
(123, 1, '202400315', '1234', 0),
(124, 1, '202400316', '1234', 0),
(125, 1, '202400317', '1234', 0),
(126, 1, '202400318', '1234', 0),
(127, 1, '202400319', '1234', 0),
(128, 1, '202400320', '1234', 0),
(129, 1, '202400321', '1234', 0),
(130, 1, '202400322', '1234', 0),
(131, 1, '202400323', '1234', 0),
(132, 1, '202400324', '1234', 0),
(133, 1, '202400325', '1234', 0),
(134, 1, '202400326', '1234', 0),
(135, 1, '202400327', '1234', 0),
(136, 1, '202400328', '1234', 0),
(137, 1, '202400329', '1234', 0),
(138, 1, '202400330', '1234', 0),
(139, 1, '202400331', '1234', 0),
(140, 1, '202400332', '1234', 0),
(141, 1, '202400333', '1234', 0),
(142, 1, '202400334', '1234', 0),
(143, 1, '202400335', '1234', 0),
(144, 1, '202400336', '1234', 0),
(145, 1, '202400337', '1234', 0),
(146, 1, '202400338', '1234', 0),
(147, 1, '202400339', '1234', 0),
(148, 1, '202400340', '1234', 0),
(149, 1, '202400341', '1234', 0),
(150, 1, '202400342', '1234', 0),
(151, 1, '202400343', '1234', 0),
(152, 1, '202400344', '1234', 0),
(153, 1, '202400345', '1234', 0),
(154, 1, '202400346', '1234', 0),
(155, 1, '202400347', '1234', 0),
(156, 1, '202400348', '1234', 0),
(157, 1, '202400349', '1234', 0),
(158, 1, '202400350', '1234', 0),
(159, 1, '202400351', '1234', 0),
(160, 1, '202400352', '1234', 0),
(161, 1, '202400353', '1234', 0),
(162, 1, '202400354', '1234', 0),
(163, 1, '202400355', '1234', 0),
(164, 1, '202400356', '1234', 0),
(165, 1, '202400357', '1234', 0),
(166, 1, '202400358', '1234', 0),
(167, 1, '202400359', '1234', 0),
(168, 1, '202400360', '1234', 0),
(169, 1, '202400361', '1234', 0),
(170, 1, '202400362', '1234', 0),
(171, 1, '202400363', '1234', 0),
(172, 1, '202400364', '1234', 0),
(173, 1, '202400365', '1234', 0),
(174, 1, '202400366', '1234', 0),
(175, 1, '202400367', '1234', 0),
(176, 1, '202400368', '1234', 0),
(177, 1, '202400369', '1234', 0),
(178, 1, '202400370', '1234', 0),
(179, 1, '202400371', '1234', 0),
(180, 1, '202400372', '1234', 0),
(181, 1, '202400373', '1234', 0),
(182, 1, '202400374', '1234', 0),
(183, 1, '202400375', '1234', 0),
(184, 1, '202400376', '1234', 0),
(185, 1, '202400377', '1234', 0),
(186, 1, '202400378', '1234', 0),
(187, 1, '202400379', '1234', 0),
(188, 1, '202400380', '1234', 0),
(189, 1, '202400381', '1234', 0),
(190, 1, '202400382', '1234', 0),
(191, 1, '202400383', '1234', 0),
(192, 1, '202400384', '1234', 0),
(193, 1, '202400385', '1234', 0),
(194, 1, '202400386', '1234', 0),
(195, 1, '202400387', '1234', 0),
(196, 1, '202400388', '1234', 0),
(197, 1, '202400389', '1234', 0),
(198, 1, '202400390', '1234', 0),
(199, 1, '202400391', '1234', 0),
(200, 1, '202400392', '1234', 0),
(201, 1, '202400393', '1234', 0),
(202, 1, '202400394', '1234', 0),
(203, 1, '202400395', '1234', 0),
(204, 1, '202400396', '1234', 0),
(205, 1, '202400397', '1234', 0),
(206, 1, '202400398', '1234', 0),
(207, 1, '202400399', '1234', 0),
(208, 1, '202400400', '1234', 0),
(209, 1, '202400401', '1234', 0),
(210, 1, '202400402', '1234', 0),
(211, 1, '202400403', '1234', 0),
(212, 1, '202400404', '1234', 0),
(213, 1, '202400405', '1234', 0),
(214, 1, '202400406', '1234', 0),
(215, 1, '202400407', '1234', 0),
(216, 1, '202400408', '1234', 0),
(217, 1, '202400409', '1234', 0),
(218, 1, '202400410', '1234', 0),
(219, 1, '202400411', '1234', 0),
(220, 1, '202400412', '1234', 0),
(221, 1, '202400413', '1234', 0),
(222, 1, '202400414', '1234', 0),
(223, 1, '202400415', '1234', 0),
(224, 1, '202400416', '1234', 0),
(225, 1, '202400417', '1234', 0),
(226, 1, '202400418', '1234', 0),
(227, 1, '202400419', '1234', 0),
(228, 1, '202400420', '1234', 0),
(229, 1, '202400421', '1234', 0),
(230, 1, '202400422', '1234', 0),
(231, 1, '202400423', '1234', 0),
(232, 1, '202400424', '1234', 0),
(233, 1, '202400425', '1234', 0),
(234, 1, '202400426', '1234', 0),
(235, 1, '202400427', '1234', 0),
(236, 1, '202400428', '1234', 0),
(237, 1, '202400429', '1234', 0),
(238, 1, '202400430', '1234', 0),
(239, 1, '202400431', '1234', 0),
(240, 1, '202400432', '1234', 0),
(241, 1, '202400433', '1234', 0),
(242, 1, '202400434', '1234', 0),
(243, 1, '202400435', '1234', 0),
(244, 1, '202400436', '1234', 0),
(245, 1, '202400437', '1234', 0),
(246, 1, '202400438', '1234', 0),
(247, 1, '202400439', '1234', 0),
(248, 1, '202400440', '1234', 0),
(249, 1, '202400441', '1234', 0),
(250, 1, '202400442', '1234', 0),
(251, 1, '202400443', '1234', 0),
(252, 1, '202400444', '1234', 0),
(253, 1, '202400445', '1234', 0),
(254, 1, '202400446', '1234', 0),
(255, 1, '202400447', '1234', 0),
(256, 1, '202400448', '1234', 0),
(257, 1, '202400449', '1234', 0),
(258, 1, '202400450', '1234', 0),
(259, 1, '202400451', '1234', 0),
(260, 1, '202400452', '1234', 0),
(261, 1, '202400453', '1234', 0),
(262, 1, '202400454', '1234', 0),
(263, 1, '202400455', '1234', 0),
(264, 1, '202400456', '1234', 0),
(265, 1, '202400457', '1234', 0),
(266, 1, '202400458', '1234', 0),
(267, 1, '202400459', '1234', 0),
(268, 1, '202400460', '1234', 0),
(269, 1, '202400461', '1234', 0),
(270, 1, '202400462', '1234', 0),
(271, 1, '202400463', '1234', 0),
(272, 1, '202400464', '1234', 0),
(273, 1, '202400465', '1234', 0),
(274, 1, '202400466', '1234', 0),
(275, 1, '202400467', '1234', 0),
(276, 1, '202400468', '1234', 0),
(277, 1, '202400469', '1234', 0),
(278, 1, '202400470', '1234', 0),
(279, 1, '202400471', '1234', 0),
(280, 1, '202400472', '1234', 0),
(281, 1, '202400473', '1234', 0),
(282, 1, '202400474', '1234', 0),
(283, 1, '202400475', '1234', 0),
(284, 1, '202400476', '1234', 0),
(285, 1, '202400477', '1234', 0),
(286, 1, '202400478', '1234', 0),
(287, 1, '202400479', '1234', 0),
(288, 1, '202400480', '1234', 0),
(289, 1, '202400481', '1234', 0),
(290, 1, '202400482', '1234', 0),
(291, 1, '202400483', '1234', 0),
(292, 1, '202400484', '1234', 0),
(293, 1, '202400485', '1234', 0),
(294, 1, '202400486', '1234', 0),
(295, 1, '202400487', '1234', 0),
(296, 1, '202400488', '1234', 0),
(297, 1, '202400489', '1234', 0),
(298, 1, '202400490', '1234', 0),
(299, 1, '202400491', '1234', 0),
(300, 1, '202400492', '1234', 0),
(301, 1, '202400493', '1234', 0),
(302, 1, '202400494', '1234', 0),
(303, 1, '202400495', '1234', 0),
(304, 1, '202400496', '1234', 0),
(305, 1, '202400497', '1234', 0),
(306, 1, '202400498', '1234', 0),
(307, 1, '202400499', '1234', 0),
(308, 1, '202400500', '1234', 0),
(309, 2, 'angeljesusgarcia', '1234', 0),
(310, 2, 'jesusmanuelhernandez', '1234', 0),
(311, 2, 'alexisvigueras', '1234', 0),
(312, 2, 'adrianramiro', '1234', 0),
(313, 2, 'carlosvaldovinos', '1234', 0),
(314, 2, 'luciomarluna', '1234', 0),
(315, 2, 'raquelcordova', '1234', 0),
(316, 2, 'marcoavila', '1234', 0);

--
-- Indexes for dumped tables
--

--
-- Indexes for table `alumnos`
--
ALTER TABLE `alumnos`
  ADD PRIMARY KEY (`id`),
  ADD KEY `id_extraescolar` (`id_extraescolar`);

--
-- Indexes for table `avisos`
--
ALTER TABLE `avisos`
  ADD PRIMARY KEY (`id`),
  ADD KEY `id_extraescolar` (`id_extraescolar`);

--
-- Indexes for table `extraescolar`
--
ALTER TABLE `extraescolar`
  ADD PRIMARY KEY (`id`);

--
-- Indexes for table `horarios`
--
ALTER TABLE `horarios`
  ADD PRIMARY KEY (`id`),
  ADD KEY `id_extraescolar` (`id_extraescolar`);

--
-- Indexes for table `profesores`
--
ALTER TABLE `profesores`
  ADD PRIMARY KEY (`id`),
  ADD KEY `id_extraescolar` (`id_extraescolar`);

--
-- Indexes for table `usuarios`
--
ALTER TABLE `usuarios`
  ADD PRIMARY KEY (`id`);

--
-- AUTO_INCREMENT for dumped tables
--

--
-- AUTO_INCREMENT for table `alumnos`
--
ALTER TABLE `alumnos`
  MODIFY `id` int(11) NOT NULL AUTO_INCREMENT, AUTO_INCREMENT=309;

--
-- AUTO_INCREMENT for table `avisos`
--
ALTER TABLE `avisos`
  MODIFY `id` int(11) NOT NULL AUTO_INCREMENT, AUTO_INCREMENT=3;

--
-- AUTO_INCREMENT for table `extraescolar`
--
ALTER TABLE `extraescolar`
  MODIFY `id` int(11) NOT NULL AUTO_INCREMENT, AUTO_INCREMENT=10;

--
-- AUTO_INCREMENT for table `horarios`
--
ALTER TABLE `horarios`
  MODIFY `id` int(11) NOT NULL AUTO_INCREMENT, AUTO_INCREMENT=2;

--
-- AUTO_INCREMENT for table `profesores`
--
ALTER TABLE `profesores`
  MODIFY `id` int(11) NOT NULL AUTO_INCREMENT, AUTO_INCREMENT=317;

--
-- AUTO_INCREMENT for table `usuarios`
--
ALTER TABLE `usuarios`
  MODIFY `id` int(11) NOT NULL AUTO_INCREMENT, AUTO_INCREMENT=317;

--
-- Constraints for dumped tables
--

--
-- Constraints for table `alumnos`
--
ALTER TABLE `alumnos`
  ADD CONSTRAINT `alumnos_ibfk_1` FOREIGN KEY (`id`) REFERENCES `usuarios` (`id`),
  ADD CONSTRAINT `alumnos_ibfk_2` FOREIGN KEY (`id_extraescolar`) REFERENCES `extraescolar` (`id`);

--
-- Constraints for table `avisos`
--
ALTER TABLE `avisos`
  ADD CONSTRAINT `avisos_ibfk_1` FOREIGN KEY (`id_extraescolar`) REFERENCES `extraescolar` (`id`),
  ADD CONSTRAINT `avisos_ibfk_2` FOREIGN KEY (`id`) REFERENCES `profesores` (`id`);

--
-- Constraints for table `horarios`
--
ALTER TABLE `horarios`
  ADD CONSTRAINT `horarios_ibfk_1` FOREIGN KEY (`id_extraescolar`) REFERENCES `extraescolar` (`id`);

--
-- Constraints for table `profesores`
--
ALTER TABLE `profesores`
  ADD CONSTRAINT `profesores_ibfk_1` FOREIGN KEY (`id`) REFERENCES `usuarios` (`id`),
  ADD CONSTRAINT `profesores_ibfk_2` FOREIGN KEY (`id_extraescolar`) REFERENCES `extraescolar` (`id`);
COMMIT;

/*!40101 SET CHARACTER_SET_CLIENT=@OLD_CHARACTER_SET_CLIENT */;
/*!40101 SET CHARACTER_SET_RESULTS=@OLD_CHARACTER_SET_RESULTS */;
/*!40101 SET COLLATION_CONNECTION=@OLD_COLLATION_CONNECTION */;
